"","Predator","scientific_name","y_pred","percentage"
"1","Vulpes_vulpes","Apodemus_agrarius",0.492715998451308,0
"2","Vulpes_vulpes","Apodemus_alpicola",0.485338551504118,0
"3","Vulpes_vulpes","Apodemus_epimelas",0.461177494950019,0
"4","Vulpes_vulpes","Apodemus_flavicollis",0.524661683106935,1.301
"5","Vulpes_vulpes","Apodemus_sylvaticus",0.495013200988372,6.78333333333333
"6","Vulpes_vulpes","Apodemus_uralensis",0.588851122738241,0
"7","Vulpes_vulpes","Arvicola_amphibius",0.469257323652185,7.18717391304348
"8","Vulpes_vulpes","Arvicola_sapidus",0.550688548123135,3.33
"9","Vulpes_vulpes","Arvicola_scherman",0.639379837379164,0
"10","Vulpes_vulpes","Barbastella_barbastellus",0.241865333559334,0
"11","Vulpes_vulpes","Canis_lupus",0.393354820234052,0
"12","Vulpes_vulpes","Capreolus_capreolus",0.490325823964843,13.7984210526316
"13","Vulpes_vulpes","Cricetulus_migratorius",0.46522410198095,0
"14","Vulpes_vulpes","Crocidura_leucodon",0.365881990007264,2.94625
"15","Vulpes_vulpes","Dryomys_nitedula",0.54728812914003,0
"16","Vulpes_vulpes","Eliomys_quercinus",0.406328614765001,3.925
"17","Vulpes_vulpes","Eptesicus_isabellinus",0.261828660584834,0
"18","Vulpes_vulpes","Eptesicus_nilssonii",0.257766448793191,0
"19","Vulpes_vulpes","Erinaceus_europaeus",0.42858581702917,0.5875
"20","Vulpes_vulpes","Erinaceus_roumanicus",0.574091405421495,0
"21","Vulpes_vulpes","Felis_silvestris",0.343567402869986,1.875
"22","Vulpes_vulpes","Glis_glis",0.500330143832955,1.50333333333333
"23","Vulpes_vulpes","Gulo_gulo",0.472854823814434,0
"24","Vulpes_vulpes","Herpestes_ichneumon",0.487261626109177,0
"25","Vulpes_vulpes","Hystrix_cristata",0.472537804245949,0.63
"26","Vulpes_vulpes","Lemmus_lemmus",0.488309184014797,32.9375
"27","Vulpes_vulpes","Lepus_corsicanus",0.642904383387971,0
"28","Vulpes_vulpes","Lepus_europaeus",0.438600167348271,6.34942307692308
"29","Vulpes_vulpes","Lepus_timidus",0.46544106014465,5.76545454545455
"30","Vulpes_vulpes","Lynx_lynx",0.393086577246064,0
"31","Vulpes_vulpes","Martes_foina",0.553466374209772,2.90375
"32","Vulpes_vulpes","Martes_martes",0.527600304487179,1.625
"33","Vulpes_vulpes","Meles_meles",0.37425042203098,0.468
"34","Vulpes_vulpes","Mesocricetus_newtoni",0.482470716271445,0
"35","Vulpes_vulpes","Micromys_minutus",0.382001892608755,0.653333333333333
"36","Vulpes_vulpes","Microtus_agrestis",0.500648933539697,15.9203448275862
"37","Vulpes_vulpes","Microtus_arvalis",0.37756129532742,13.608
"38","Vulpes_vulpes","Microtus_cabrerae",0.602763710581526,0
"39","Vulpes_vulpes","Microtus_duodecimcostatus",0.53610520703452,3.875
"40","Vulpes_vulpes","Microtus_guentheri",0.438265577250836,0
"41","Vulpes_vulpes","Microtus_levis",0.562708434435206,0
"42","Vulpes_vulpes","Microtus_liechtensteini",0.552744500117727,0
"43","Vulpes_vulpes","Microtus_lusitanicus",0.530338340506111,23.125
"44","Vulpes_vulpes","Microtus_multiplex",0.542367254780686,0
"45","Vulpes_vulpes","Microtus_oeconomus",0.534197779758921,7.43333333333333
"46","Vulpes_vulpes","Microtus_savii",0.495241275017566,0
"47","Vulpes_vulpes","Microtus_subterraneus",0.371479176812702,3.61
"48","Vulpes_vulpes","Microtus_tatricus",0.493044836564107,22.15
"49","Vulpes_vulpes","Microtus_thomasi",0.461921024709367,0
"50","Vulpes_vulpes","Miniopterus_schreibersii",0.353011035323143,0
"51","Vulpes_vulpes","Mus_spicilegus",0.524397876886827,0
"52","Vulpes_vulpes","Mus_spretus",0.459308769764765,3.425
"53","Vulpes_vulpes","Muscardinus_avellanarius",0.480404001109454,11.9975
"54","Vulpes_vulpes","Mustela_erminea",0.451781727215077,0
"55","Vulpes_vulpes","Mustela_eversmanii",0.510450347264608,0
"56","Vulpes_vulpes","Mustela_putorius",0.349977730591407,3.0325
"57","Vulpes_vulpes","Myodes_glareolus",0.479447991058633,10.73
"58","Vulpes_vulpes","Myodes_rufocanus",0.543756631185424,0.5
"59","Vulpes_vulpes","Myomimus_roachi",0.511456971668234,0
"60","Vulpes_vulpes","Myopus_schisticolor",0.579305703661083,2.06
"61","Vulpes_vulpes","Myotis_alcathoe",0.25442681699684,0
"62","Vulpes_vulpes","Myotis_aurascens",0.25951063364584,0
"63","Vulpes_vulpes","Myotis_bechsteinii",0.273335004187744,0
"64","Vulpes_vulpes","Myotis_blythii",0.256833710950256,0
"65","Vulpes_vulpes","Myotis_brandtii",0.25185700842518,0
"66","Vulpes_vulpes","Myotis_capaccinii",0.253777339861219,0
"67","Vulpes_vulpes","Myotis_dasycneme",0.247823446949846,0
"68","Vulpes_vulpes","Myotis_daubentonii",0.239098676932582,0
"69","Vulpes_vulpes","Myotis_emarginatus",0.262698592083289,0
"70","Vulpes_vulpes","Myotis_escalerai",0.25743100210319,0
"71","Vulpes_vulpes","Myotis_myotis",0.270187271184453,0
"72","Vulpes_vulpes","Myotis_mystacinus",0.251203608958933,0
"73","Vulpes_vulpes","Myotis_nattereri",0.267579677062375,0
"74","Vulpes_vulpes","Neomys_anomalus",0.415531622002954,0
"75","Vulpes_vulpes","Neomys_fodiens",0.385496573611384,0
"76","Vulpes_vulpes","Nyctalus_lasiopterus",0.26904949752411,0
"77","Vulpes_vulpes","Nyctalus_leisleri",0.320366047395795,0
"78","Vulpes_vulpes","Nyctalus_noctula",0.260391423332633,0
"79","Vulpes_vulpes","Pipistrellus_kuhlii",0.252670732361621,0
"80","Vulpes_vulpes","Pipistrellus_nathusii",0.263153207334645,0
"81","Vulpes_vulpes","Pipistrellus_pygmaeus",0.245307769139551,0
"82","Vulpes_vulpes","Plecotus_auritus",0.241530460578324,0
"83","Vulpes_vulpes","Plecotus_kolombatovici",0.286950461496817,0
"84","Vulpes_vulpes","Plecotus_macrobullaris",0.250884045406969,0
"85","Vulpes_vulpes","Pteromys_volans",0.471594351270924,0
"86","Vulpes_vulpes","Rhinolophus_ferrumequinum",0.321069874080647,0
"87","Vulpes_vulpes","Rhinolophus_hipposideros",0.346665522391381,0
"88","Vulpes_vulpes","Rhinolophus_mehelyi",0.342716197549093,0
"89","Vulpes_vulpes","Rupicapra_rupicapra",0.484450672802172,22.3333333333333
"90","Vulpes_vulpes","Sciurus_vulgaris",0.429550653730316,2.6493023255814
"91","Vulpes_vulpes","Sicista_betulina",0.549640472667913,0
"92","Vulpes_vulpes","Sorex_alpinus",0.397277674416906,0
"93","Vulpes_vulpes","Sorex_antinorii",0.521424823784613,0
"94","Vulpes_vulpes","Sorex_araneus",0.537411334889906,0.9
"95","Vulpes_vulpes","Sorex_caecutiens",0.359134168662834,0
"96","Vulpes_vulpes","Sorex_coronatus",0.451407251636619,0
"97","Vulpes_vulpes","Sorex_granarius",0.422822046218459,3.3
"98","Vulpes_vulpes","Sorex_isodon",0.318740956720778,0
"99","Vulpes_vulpes","Sorex_minutissimus",0.390346836985894,0
"100","Vulpes_vulpes","Sorex_minutus",0.315360232954845,1.52333333333333
"101","Vulpes_vulpes","Sorex_samniticus",0.334261809370287,0
"102","Vulpes_vulpes","Spermophilus_citellus",0.471015673210012,0
"103","Vulpes_vulpes","Tadarida_teniotis",0.282318885857239,0
"104","Vulpes_vulpes","Talpa_caeca",0.333435475199579,0
"105","Vulpes_vulpes","Talpa_europaea",0.492098022762098,1.50055555555556
"106","Vulpes_vulpes","Talpa_levantis",0.403883605283134,0
"107","Vulpes_vulpes","Talpa_occidentalis",0.506859214468436,12.0166666666667
"108","Vulpes_vulpes","Talpa_romana",0.329144597337359,0
"109","Vulpes_vulpes","Vespertilio_murinus",0.236336865126319,0
"110","Vulpes_vulpes","Vormela_peregusna",0.439820900691294,0
"111","Vulpes_vulpes","Vulpes_lagopus",0.417237150113819,0
"112","Vulpes_vulpes","Vulpes_vulpes",0.431587692663491,0.648
"113","Lynx_lynx","Apodemus_agrarius",0.171397078995748,0
"114","Lynx_lynx","Apodemus_alpicola",0.159374817849501,0
"115","Lynx_lynx","Apodemus_flavicollis",0.156737704422664,0
"116","Lynx_lynx","Apodemus_sylvaticus",0.148248983348938,0
"117","Lynx_lynx","Apodemus_uralensis",0.135592180238378,0
"118","Lynx_lynx","Arvicola_amphibius",0.273517082958074,3.9
"119","Lynx_lynx","Arvicola_scherman",0.684665322044621,0
"120","Lynx_lynx","Barbastella_barbastellus",0.106335259883875,0
"121","Lynx_lynx","Canis_lupus",0.427889637063059,0
"122","Lynx_lynx","Capreolus_capreolus",0.653157705610449,42.3487234042553
"123","Lynx_lynx","Crocidura_leucodon",0.147353329069235,0
"124","Lynx_lynx","Dryomys_nitedula",0.281991463305071,0
"125","Lynx_lynx","Eliomys_quercinus",0.417926295117165,3.9
"126","Lynx_lynx","Eptesicus_nilssonii",0.113744666123943,0
"127","Lynx_lynx","Erinaceus_europaeus",0.348112075889515,0
"128","Lynx_lynx","Erinaceus_roumanicus",0.285225828859917,0
"129","Lynx_lynx","Felis_silvestris",0.33310781324511,2.38
"130","Lynx_lynx","Glis_glis",0.293656264949176,16.225
"131","Lynx_lynx","Gulo_gulo",0.629183412766924,0
"132","Lynx_lynx","Lemmus_lemmus",0.259872650862047,0.8
"133","Lynx_lynx","Lepus_europaeus",0.39560139234935,5.235
"134","Lynx_lynx","Lepus_timidus",0.494675816810232,13.8148
"135","Lynx_lynx","Lynx_lynx",0.465693771637775,0
"136","Lynx_lynx","Martes_foina",0.74380268681617,0.51
"137","Lynx_lynx","Martes_martes",0.704285452882928,1.19333333333333
"138","Lynx_lynx","Meles_meles",0.427945059199225,0.2
"139","Lynx_lynx","Micromys_minutus",0.159771945543888,0
"140","Lynx_lynx","Microtus_agrestis",0.352676059001858,1.35
"141","Lynx_lynx","Microtus_arvalis",0.342938646301627,0
"142","Lynx_lynx","Microtus_levis",0.346774570881686,0
"143","Lynx_lynx","Microtus_liechtensteini",0.297656001819071,0
"144","Lynx_lynx","Microtus_oeconomus",0.447277460088755,0
"145","Lynx_lynx","Microtus_subterraneus",0.316237824292559,0.45
"146","Lynx_lynx","Miniopterus_schreibersii",0.134587748339982,0
"147","Lynx_lynx","Muscardinus_avellanarius",0.309754395415795,0
"148","Lynx_lynx","Mustela_erminea",0.513977874531632,0
"149","Lynx_lynx","Mustela_putorius",0.449465434350397,1.95
"150","Lynx_lynx","Myodes_glareolus",0.306888093318169,1.4
"151","Lynx_lynx","Myodes_rufocanus",0.420914246718965,0
"152","Lynx_lynx","Myopus_schisticolor",0.510147134049071,0
"153","Lynx_lynx","Myotis_alcathoe",0.107691959054633,0
"154","Lynx_lynx","Myotis_bechsteinii",0.13488893991272,0
"155","Lynx_lynx","Myotis_blythii",0.119012795125737,0
"156","Lynx_lynx","Myotis_brandtii",0.19894917261805,0
"157","Lynx_lynx","Myotis_capaccinii",0.104174687014465,0
"158","Lynx_lynx","Myotis_dasycneme",0.110061079861139,0
"159","Lynx_lynx","Myotis_daubentonii",0.112829857534451,0
"160","Lynx_lynx","Myotis_emarginatus",0.119102932982471,0
"161","Lynx_lynx","Myotis_myotis",0.125722022048984,0
"162","Lynx_lynx","Myotis_mystacinus",0.0923504439377031,0
"163","Lynx_lynx","Myotis_nattereri",0.136577820349485,0
"164","Lynx_lynx","Neomys_anomalus",0.135232155935632,0
"165","Lynx_lynx","Neomys_fodiens",0.129082642159588,0
"166","Lynx_lynx","Nyctalus_lasiopterus",0.141864337220714,0
"167","Lynx_lynx","Nyctalus_leisleri",0.160133024178369,0
"168","Lynx_lynx","Nyctalus_noctula",0.123806209563134,0
"169","Lynx_lynx","Pipistrellus_kuhlii",0.112825942774744,0
"170","Lynx_lynx","Pipistrellus_nathusii",0.0998443855092891,0
"171","Lynx_lynx","Pipistrellus_pygmaeus",0.115708619324509,0
"172","Lynx_lynx","Plecotus_auritus",0.10894913601556,0
"173","Lynx_lynx","Plecotus_macrobullaris",0.112515587050718,0
"174","Lynx_lynx","Pteromys_volans",0.500253357191001,0
"175","Lynx_lynx","Rangifer_tarandus",0.593785404607102,39.3636842105263
"176","Lynx_lynx","Rhinolophus_ferrumequinum",0.17314562270843,0
"177","Lynx_lynx","Rhinolophus_hipposideros",0.24683043618024,0
"178","Lynx_lynx","Rupicapra_rupicapra",0.615401077035226,24.98
"179","Lynx_lynx","Sciurus_vulgaris",0.437293334845819,1.259375
"180","Lynx_lynx","Sicista_betulina",0.187024149724895,0
"181","Lynx_lynx","Sorex_alpinus",0.196059996484343,0
"182","Lynx_lynx","Sorex_antinorii",0.400286931723643,0
"183","Lynx_lynx","Sorex_araneus",0.165753146812606,0.8
"184","Lynx_lynx","Sorex_caecutiens",0.165074459268138,0
"185","Lynx_lynx","Sorex_coronatus",0.279948282804267,0
"186","Lynx_lynx","Sorex_isodon",0.121835957255659,0
"187","Lynx_lynx","Sorex_minutissimus",0.193543952826447,0
"188","Lynx_lynx","Sorex_minutus",0.164056514142559,0
"189","Lynx_lynx","Tadarida_teniotis",0.158097848125281,0
"190","Lynx_lynx","Talpa_europaea",0.397562591867013,0
"191","Lynx_lynx","Vespertilio_murinus",0.104362838255804,0
"192","Lynx_lynx","Vulpes_lagopus",0.479832153320312,0
"193","Lynx_lynx","Vulpes_vulpes",0.480332197127294,3.2121875
"194","Felis_silvestris","Apodemus_agrarius",0.54454663524834,1.5
"195","Felis_silvestris","Apodemus_flavicollis",0.583174636756832,30.2125
"196","Felis_silvestris","Apodemus_sylvaticus",0.538186053178974,22.75125
"197","Felis_silvestris","Apodemus_uralensis",0.710009830034509,0
"198","Felis_silvestris","Arvicola_amphibius",0.504872513101215,6.55
"199","Felis_silvestris","Arvicola_sapidus",0.574103248640171,13.9357142857143
"200","Felis_silvestris","Arvicola_scherman",0.680667116976621,0
"201","Felis_silvestris","Barbastella_barbastellus",0.248086717426001,0
"202","Felis_silvestris","Canis_lupus",0.486287789419293,0
"203","Felis_silvestris","Capreolus_capreolus",0.499379685202849,4.93333333333333
"204","Felis_silvestris","Cricetus_cricetus",0.479357300049598,0
"205","Felis_silvestris","Crocidura_leucodon",0.277000564106992,0
"206","Felis_silvestris","Dryomys_nitedula",0.559781888189415,3.8
"207","Felis_silvestris","Eliomys_quercinus",0.585592195843205,4.55
"208","Felis_silvestris","Eptesicus_nilssonii",0.258829027224008,0
"209","Felis_silvestris","Erinaceus_europaeus",0.270410256855416,0
"210","Felis_silvestris","Erinaceus_roumanicus",0.289840744347456,0
"211","Felis_silvestris","Felis_silvestris",0.386336228189369,3.5
"212","Felis_silvestris","Galemys_pyrenaicus",0.371841898986271,0
"213","Felis_silvestris","Glis_glis",0.535506081866457,5.02857142857143
"214","Felis_silvestris","Lepus_europaeus",0.475638183746852,1.15
"215","Felis_silvestris","Lynx_lynx",0.517979187270006,0
"216","Felis_silvestris","Martes_foina",0.360382533544358,1.475
"217","Felis_silvestris","Martes_martes",0.544250783891905,0
"218","Felis_silvestris","Meles_meles",0.346069399004473,0
"219","Felis_silvestris","Micromys_minutus",0.621746762749854,0
"220","Felis_silvestris","Microtus_agrestis",0.583128162970146,13.5428571428571
"221","Felis_silvestris","Microtus_arvalis",0.489938454968589,30.3785714285714
"222","Felis_silvestris","Microtus_cabrerae",0.57676922885057,0.8
"223","Felis_silvestris","Microtus_duodecimcostatus",0.546451340656023,18.4666666666667
"224","Felis_silvestris","Microtus_gerbei",0.476164988875389,0
"225","Felis_silvestris","Microtus_lusitanicus",0.524771140467736,26.9
"226","Felis_silvestris","Microtus_subterraneus",0.524875134906986,0
"227","Felis_silvestris","Microtus_tatricus",0.66878253134709,0
"228","Felis_silvestris","Miniopterus_schreibersii",0.308614880130019,0
"229","Felis_silvestris","Mus_spicilegus",0.573921795796465,0
"230","Felis_silvestris","Mus_spretus",0.424705338974794,0.2
"231","Felis_silvestris","Muscardinus_avellanarius",0.611663205325603,0.5
"232","Felis_silvestris","Mustela_erminea",0.498136856684498,0
"233","Felis_silvestris","Mustela_eversmanii",0.520663977790904,0
"234","Felis_silvestris","Mustela_putorius",0.340104307037788,1.7
"235","Felis_silvestris","Myodes_glareolus",0.466625162802244,13.9428571428571
"236","Felis_silvestris","Myotis_alcathoe",0.23358646325767,0
"237","Felis_silvestris","Myotis_bechsteinii",0.287472469694912,0
"238","Felis_silvestris","Myotis_blythii",0.253181818290614,0
"239","Felis_silvestris","Myotis_brandtii",0.276994332420425,0
"240","Felis_silvestris","Myotis_dasycneme",0.207678176054098,0
"241","Felis_silvestris","Myotis_daubentonii",0.23569976054132,0
"242","Felis_silvestris","Myotis_emarginatus",0.24432335061849,0
"243","Felis_silvestris","Myotis_escalerai",0.225880909622039,0
"244","Felis_silvestris","Myotis_myotis",0.270219778532491,0
"245","Felis_silvestris","Myotis_mystacinus",0.236338830711144,0
"246","Felis_silvestris","Myotis_nattereri",0.239532915282656,0
"247","Felis_silvestris","Neomys_anomalus",0.329196023317624,0
"248","Felis_silvestris","Neomys_fodiens",0.31273639604852,0
"249","Felis_silvestris","Nyctalus_lasiopterus",0.235140847199057,0
"250","Felis_silvestris","Nyctalus_leisleri",0.31269906820712,0
"251","Felis_silvestris","Nyctalus_noctula",0.231213520116095,0
"252","Felis_silvestris","Pipistrellus_kuhlii",0.25416123055185,0
"253","Felis_silvestris","Pipistrellus_nathusii",0.234352177226956,0
"254","Felis_silvestris","Pipistrellus_pygmaeus",0.236886323837752,0
"255","Felis_silvestris","Plecotus_auritus",0.255019006623449,0
"256","Felis_silvestris","Rhinolophus_ferrumequinum",0.344394802942733,0
"257","Felis_silvestris","Rhinolophus_hipposideros",0.313789804960075,0
"258","Felis_silvestris","Sciurus_vulgaris",0.455608134468396,9.31666666666667
"259","Felis_silvestris","Sicista_betulina",0.48980693559755,0
"260","Felis_silvestris","Sorex_alpinus",0.39555507062041,0
"261","Felis_silvestris","Sorex_araneus",0.516876160925211,0
"262","Felis_silvestris","Sorex_coronatus",0.52956236751525,0
"263","Felis_silvestris","Sorex_granarius",0.350397509783506,7.725
"264","Felis_silvestris","Sorex_minutus",0.358044581318443,5.76666666666667
"265","Felis_silvestris","Spermophilus_citellus",0.567348010459189,0
"266","Felis_silvestris","Tadarida_teniotis",0.260355907347467,0
"267","Felis_silvestris","Talpa_europaea",0.584660888832306,3
"268","Felis_silvestris","Talpa_occidentalis",0.59036206818965,18.7583333333333
"269","Felis_silvestris","Vespertilio_murinus",0.207986563052244,0
"270","Felis_silvestris","Vulpes_vulpes",0.414703743864915,0.7
"271","Martes_martes","Apodemus_agrarius",0.33903351566736,0
"272","Martes_martes","Apodemus_alpicola",0.421364259906113,0
"273","Martes_martes","Apodemus_flavicollis",0.505235611799016,0.5
"274","Martes_martes","Apodemus_sylvaticus",0.529853319579905,15.65
"275","Martes_martes","Apodemus_uralensis",0.630088345110416,0
"276","Martes_martes","Arvicola_amphibius",0.271478974038646,2.009
"277","Martes_martes","Arvicola_sapidus",0.51073843628789,0
"278","Martes_martes","Arvicola_scherman",0.493849792640727,0
"279","Martes_martes","Barbastella_barbastellus",0.14382698929379,0
"280","Martes_martes","Canis_lupus",0.151353784576229,0
"281","Martes_martes","Capreolus_capreolus",0.279245241089387,1.03
"282","Martes_martes","Crocidura_leucodon",0.234128152805508,0
"283","Martes_martes","Dryomys_nitedula",0.51569320867921,0
"284","Martes_martes","Eliomys_quercinus",0.373241656090853,2.636
"285","Martes_martes","Eptesicus_nilssonii",0.160715292951164,0
"286","Martes_martes","Erinaceus_europaeus",0.210752632686247,0
"287","Martes_martes","Erinaceus_roumanicus",0.23820293000942,0
"288","Martes_martes","Felis_silvestris",0.217813065741211,0
"289","Martes_martes","Galemys_pyrenaicus",0.279447985290785,0
"290","Martes_martes","Glis_glis",0.357335815247562,2.77375
"291","Martes_martes","Lepus_europaeus",0.450794126352538,4.6475
"292","Martes_martes","Lepus_timidus",0.371119698509574,6.8725
"293","Martes_martes","Lynx_lynx",0.174744387584909,0
"294","Martes_martes","Martes_foina",0.510666698994844,0.925
"295","Martes_martes","Martes_martes",0.558694280683994,1.295
"296","Martes_martes","Meles_meles",0.251129948569892,0
"297","Martes_martes","Micromys_minutus",0.242912087113493,0
"298","Martes_martes","Microtus_agrestis",0.29191616444538,11.1516666666667
"299","Martes_martes","Microtus_arvalis",0.300262705504316,0
"300","Martes_martes","Microtus_duodecimcostatus",0.254685051503934,0
"301","Martes_martes","Microtus_levis",0.265074193276757,0
"302","Martes_martes","Microtus_lusitanicus",0.225793682682243,0
"303","Martes_martes","Microtus_multiplex",0.253762497220721,0
"304","Martes_martes","Microtus_oeconomus",0.470839172532713,0
"305","Martes_martes","Microtus_savii",0.299317490581113,3.87142857142857
"306","Martes_martes","Microtus_subterraneus",0.560661829456135,0
"307","Martes_martes","Miniopterus_schreibersii",0.215130293543668,0
"308","Martes_martes","Mus_spretus",0.263711522112495,0
"309","Martes_martes","Muscardinus_avellanarius",0.442525551215095,2.75285714285714
"310","Martes_martes","Mustela_erminea",0.416192481081401,0
"311","Martes_martes","Mustela_eversmanii",0.295966732983637,0
"312","Martes_martes","Mustela_putorius",0.338473501773375,0
"313","Martes_martes","Myodes_glareolus",0.347662095019692,19.7458181818182
"314","Martes_martes","Myopus_schisticolor",0.414730549972748,1.06333333333333
"315","Martes_martes","Myotis_alcathoe",0.149205130967076,0
"316","Martes_martes","Myotis_bechsteinii",0.156308274204824,0
"317","Martes_martes","Myotis_blythii",0.183480854465247,0
"318","Martes_martes","Myotis_brandtii",0.177499549034818,0
"319","Martes_martes","Myotis_dasycneme",0.129611530072947,0
"320","Martes_martes","Myotis_daubentonii",0.155362741423583,0
"321","Martes_martes","Myotis_emarginatus",0.162442909063217,0
"322","Martes_martes","Myotis_escalerai",0.170351353307304,0
"323","Martes_martes","Myotis_myotis",0.196716540337851,0
"324","Martes_martes","Myotis_mystacinus",0.139982528817118,0
"325","Martes_martes","Myotis_nattereri",0.168349267897958,0
"326","Martes_martes","Neomys_anomalus",0.207761741800176,0
"327","Martes_martes","Neomys_fodiens",0.190586989645061,0
"328","Martes_martes","Nyctalus_lasiopterus",0.158547853778974,0
"329","Martes_martes","Nyctalus_leisleri",0.228890265891645,0
"330","Martes_martes","Nyctalus_noctula",0.166477105651132,0
"331","Martes_martes","Pipistrellus_kuhlii",0.151228168398319,0
"332","Martes_martes","Pipistrellus_nathusii",0.179689058549322,0
"333","Martes_martes","Pipistrellus_pygmaeus",0.15433080254847,0
"334","Martes_martes","Plecotus_auritus",0.143070630612783,0
"335","Martes_martes","Plecotus_macrobullaris",0.16311880976257,0
"336","Martes_martes","Pteromys_volans",0.285275947641243,0
"337","Martes_martes","Rhinolophus_ferrumequinum",0.183182554702987,0
"338","Martes_martes","Rhinolophus_hipposideros",0.286354603095641,0
"339","Martes_martes","Rupicapra_rupicapra",0.364038116845888,0
"340","Martes_martes","Sciurus_vulgaris",0.410838203264935,4.0196875
"341","Martes_martes","Sicista_betulina",0.381584838564907,0
"342","Martes_martes","Sorex_alpinus",0.328791250576182,0
"343","Martes_martes","Sorex_antinorii",0.62070135450041,0
"344","Martes_martes","Sorex_araneus",0.478483037528943,1.02
"345","Martes_martes","Sorex_caecutiens",0.295834890000292,0
"346","Martes_martes","Sorex_coronatus",0.365863661443734,18.02
"347","Martes_martes","Sorex_isodon",0.275418675435834,0
"348","Martes_martes","Sorex_minutissimus",0.420008993441505,0
"349","Martes_martes","Sorex_minutus",0.24564392734319,1.81
"350","Martes_martes","Tadarida_teniotis",0.18061668241036,0
"351","Martes_martes","Talpa_caeca",0.320435254825888,0
"352","Martes_martes","Talpa_europaea",0.516509696628366,0
"353","Martes_martes","Talpa_occidentalis",0.20914191425759,3.05
"354","Martes_martes","Vespertilio_murinus",0.156616506580677,0
"355","Martes_martes","Vulpes_vulpes",0.311400884000415,0
"356","Martes_foina","Apodemus_agrarius",0.49434937825126,0
"357","Martes_foina","Apodemus_epimelas",0.507547831817253,0
"358","Martes_foina","Apodemus_flavicollis",0.507446040614293,2.08
"359","Martes_foina","Apodemus_sylvaticus",0.492295445788891,9.01888888888889
"360","Martes_foina","Apodemus_uralensis",0.628667651038421,0
"361","Martes_foina","Arvicola_amphibius",0.486840689089149,1.87571428571429
"362","Martes_foina","Arvicola_sapidus",0.537158679420298,8.875
"363","Martes_foina","Arvicola_scherman",0.622570735098112,0
"364","Martes_foina","Barbastella_barbastellus",0.277628237871747,0
"365","Martes_foina","Canis_lupus",0.451633096183881,0
"366","Martes_foina","Capreolus_capreolus",0.439523937876778,1.76
"367","Martes_foina","Cricetulus_migratorius",0.488018334206968,0
"368","Martes_foina","Cricetus_cricetus",0.404568500678848,1.82
"369","Martes_foina","Crocidura_leucodon",0.339593196598192,4.122
"370","Martes_foina","Dryomys_nitedula",0.495569361625491,0
"371","Martes_foina","Eliomys_quercinus",0.472973478075705,4.4375
"372","Martes_foina","Eptesicus_isabellinus",0.260978798602813,0
"373","Martes_foina","Eptesicus_nilssonii",0.277585608995344,0
"374","Martes_foina","Erinaceus_europaeus",0.426367450505495,0
"375","Martes_foina","Erinaceus_roumanicus",0.440859041460182,0
"376","Martes_foina","Felis_silvestris",0.388547136083893,1.95
"377","Martes_foina","Glis_glis",0.506149876056258,4.72166666666667
"378","Martes_foina","Herpestes_ichneumon",0.46833411693573,0
"379","Martes_foina","Lepus_europaeus",0.397200319605569,2.10125
"380","Martes_foina","Lepus_timidus",0.50936911276822,0
"381","Martes_foina","Lynx_lynx",0.427571368954515,0
"382","Martes_foina","Martes_foina",0.344428254852017,0.7
"383","Martes_foina","Martes_martes",0.450666676698761,0
"384","Martes_foina","Meles_meles",0.353448363400779,0.3
"385","Martes_foina","Micromys_minutus",0.420432674489459,4.505
"386","Martes_foina","Microtus_agrestis",0.518964104043941,21.5125
"387","Martes_foina","Microtus_arvalis",0.593759993712107,4.4975
"388","Martes_foina","Microtus_cabrerae",0.562945843555711,0
"389","Martes_foina","Microtus_duodecimcostatus",0.534100035109471,1.36666666666667
"390","Martes_foina","Microtus_guentheri",0.500748781013792,0
"391","Martes_foina","Microtus_levis",0.560637080385571,4.35
"392","Martes_foina","Microtus_lusitanicus",0.537299703583758,20.2625
"393","Martes_foina","Microtus_multiplex",0.560087061857664,0
"394","Martes_foina","Microtus_oeconomus",0.558203983110386,0
"395","Martes_foina","Microtus_savii",0.476012845297118,9.85
"396","Martes_foina","Microtus_subterraneus",0.526081568237982,3.26
"397","Martes_foina","Microtus_thomasi",0.607502675680227,0
"398","Martes_foina","Miniopterus_schreibersii",0.322981531020775,0
"399","Martes_foina","Mus_spicilegus",0.529627977390038,0
"400","Martes_foina","Mus_spretus",0.40385243818932,3.2
"401","Martes_foina","Muscardinus_avellanarius",0.489377501922158,1.2
"402","Martes_foina","Mustela_erminea",0.366394323097276,0
"403","Martes_foina","Mustela_eversmanii",0.329244895981481,0
"404","Martes_foina","Mustela_putorius",0.370620085648736,0
"405","Martes_foina","Myodes_glareolus",0.430537929239961,3.46111111111111
"406","Martes_foina","Myotis_aurascens",0.271667371923104,0
"407","Martes_foina","Myotis_bechsteinii",0.290793956887692,0
"408","Martes_foina","Myotis_blythii",0.26903879488395,0
"409","Martes_foina","Myotis_brandtii",0.284429136488476,0
"410","Martes_foina","Myotis_capaccinii",0.265782862160246,0
"411","Martes_foina","Myotis_dasycneme",0.261129025369883,0
"412","Martes_foina","Myotis_daubentonii",0.276253055790533,0
"413","Martes_foina","Myotis_emarginatus",0.263204346772055,0
"414","Martes_foina","Myotis_escalerai",0.28683685843705,0
"415","Martes_foina","Myotis_myotis",0.277353113037941,0
"416","Martes_foina","Myotis_mystacinus",0.269486853418854,0
"417","Martes_foina","Myotis_nattereri",0.258709036260843,0
"418","Martes_foina","Neomys_anomalus",0.432415400723032,0
"419","Martes_foina","Neomys_fodiens",0.462028768584132,0
"420","Martes_foina","Nyctalus_lasiopterus",0.273486991209545,0
"421","Martes_foina","Nyctalus_leisleri",0.314371224134587,0
"422","Martes_foina","Nyctalus_noctula",0.279517900499732,0
"423","Martes_foina","Pipistrellus_kuhlii",0.253831455843652,0
"424","Martes_foina","Pipistrellus_nathusii",0.281893857921425,0
"425","Martes_foina","Pipistrellus_pygmaeus",0.250418058415712,0
"426","Martes_foina","Plecotus_auritus",0.254718860140704,0
"427","Martes_foina","Plecotus_kolombatovici",0.302620291506702,0
"428","Martes_foina","Plecotus_macrobullaris",0.277662805370277,0
"429","Martes_foina","Rhinolophus_ferrumequinum",0.327371449570875,0
"430","Martes_foina","Rhinolophus_hipposideros",0.324271046705544,0
"431","Martes_foina","Rhinolophus_mehelyi",0.325478664968374,0
"432","Martes_foina","Rupicapra_rupicapra",0.485576617311348,0
"433","Martes_foina","Sciurus_vulgaris",0.45592941023479,0.584
"434","Martes_foina","Sicista_betulina",0.512854812045892,0
"435","Martes_foina","Sorex_antinorii",0.44618207976222,0
"436","Martes_foina","Sorex_araneus",0.489520177105877,0
"437","Martes_foina","Sorex_coronatus",0.451051165414329,0
"438","Martes_foina","Sorex_granarius",0.340334222012875,9.8
"439","Martes_foina","Sorex_minutus",0.357229718551187,8.2
"440","Martes_foina","Spermophilus_citellus",0.511249034472232,0
"441","Martes_foina","Tadarida_teniotis",0.286297591878696,0
"442","Martes_foina","Talpa_caeca",0.501935998598735,0
"443","Martes_foina","Talpa_europaea",0.495031900327615,0.465
"444","Martes_foina","Talpa_occidentalis",0.523780728335929,14.675
"445","Martes_foina","Vespertilio_murinus",0.268933787321051,0
"446","Martes_foina","Vormela_peregusna",0.43908769602202,0
"447","Martes_foina","Vulpes_vulpes",0.434412803242702,1.95
"448","Canis_aureus","Apodemus_agrarius",0.23370225286518,0
"449","Canis_aureus","Apodemus_flavicollis",0.508950329088903,0
"450","Canis_aureus","Apodemus_sylvaticus",0.199874976825602,1.9933962265
"451","Canis_aureus","Arvicola_amphibius",0.417231012934021,4.8398601399
"452","Canis_aureus","Barbastella_barbastellus",0.200724838896551,0
"453","Canis_aureus","Canis_lupus",0.346953856003172,0
"454","Canis_aureus","Capreolus_capreolus",0.322672121676392,4.16197222575
"455","Canis_aureus","Cricetulus_migratorius",0.31079019241035,0
"456","Canis_aureus","Crocidura_leucodon",0.18676056277551,0
"457","Canis_aureus","Dryomys_nitedula",0.239377248242046,0
"458","Canis_aureus","Erinaceus_roumanicus",0.216765310909403,0
"459","Canis_aureus","Felis_silvestris",0.395459317401344,2.6
"460","Canis_aureus","Glis_glis",0.220351417731893,0
"461","Canis_aureus","Lepus_europaeus",0.354584388020966,2.70714285714286
"462","Canis_aureus","Martes_foina",0.207878626769652,0
"463","Canis_aureus","Martes_martes",0.210491193595685,0
"464","Canis_aureus","Meles_meles",0.221316385387539,1.581493756
"465","Canis_aureus","Micromys_minutus",0.204202889380893,0
"466","Canis_aureus","Microtus_agrestis",0.307383865863085,2.5
"467","Canis_aureus","Microtus_arvalis",0.319982810903375,24.15
"468","Canis_aureus","Microtus_levis",0.551982107537764,0
"469","Canis_aureus","Microtus_oeconomus",0.570202416007959,0
"470","Canis_aureus","Microtus_subterraneus",0.523187830505601,0
"471","Canis_aureus","Miniopterus_schreibersii",0.19879529559437,0
"472","Canis_aureus","Muscardinus_avellanarius",0.227059596057596,0
"473","Canis_aureus","Mustela_erminea",0.210430022232079,0
"474","Canis_aureus","Mustela_eversmanii",0.18773324630156,0
"475","Canis_aureus","Mustela_putorius",0.183739751445675,0
"476","Canis_aureus","Myodes_glareolus",0.383725624141239,8.48
"477","Canis_aureus","Myotis_aurascens",0.145013265110091,0
"478","Canis_aureus","Myotis_bechsteinii",0.148449682986194,0
"479","Canis_aureus","Myotis_blythii",0.162062511367625,0
"480","Canis_aureus","Myotis_brandtii",0.158237961515703,0
"481","Canis_aureus","Myotis_capaccinii",0.141877745577123,0
"482","Canis_aureus","Myotis_dasycneme",0.157127389642462,0
"483","Canis_aureus","Myotis_daubentonii",0.183267543076031,0
"484","Canis_aureus","Myotis_emarginatus",0.176933394434551,0
"485","Canis_aureus","Myotis_myotis",0.149083014983842,0
"486","Canis_aureus","Myotis_mystacinus",0.169747029030783,0
"487","Canis_aureus","Myotis_nattereri",0.186682637727686,0
"488","Canis_aureus","Neomys_anomalus",0.228005254624087,0
"489","Canis_aureus","Neomys_fodiens",0.211340351651112,0
"490","Canis_aureus","Nyctalus_lasiopterus",0.177712306917943,0
"491","Canis_aureus","Nyctalus_leisleri",0.182713268794666,0
"492","Canis_aureus","Nyctalus_noctula",0.158588142225555,0
"493","Canis_aureus","Pipistrellus_kuhlii",0.167639926471541,0
"494","Canis_aureus","Pipistrellus_nathusii",0.143343245853375,0
"495","Canis_aureus","Pipistrellus_pygmaeus",0.151591776669318,0
"496","Canis_aureus","Plecotus_auritus",0.152220403010228,0
"497","Canis_aureus","Rhinolophus_ferrumequinum",0.228102554295179,0
"498","Canis_aureus","Rhinolophus_hipposideros",0.206558722764888,0
"499","Canis_aureus","Rhinolophus_mehelyi",0.259621643076796,0
"500","Canis_aureus","Sciurus_vulgaris",0.36100402293564,0.6496503495
"501","Canis_aureus","Sorex_araneus",0.383783412777414,0
"502","Canis_aureus","Sorex_minutus",0.313835416902222,0
"503","Canis_aureus","Spermophilus_citellus",0.303571957363704,0
"504","Canis_aureus","Tadarida_teniotis",0.260119429401432,0
"505","Canis_aureus","Talpa_europaea",0.281446859003468,2.81666666666667
"506","Canis_aureus","Vespertilio_murinus",0.135920648113824,0
"507","Canis_aureus","Vormela_peregusna",0.312930213920069,0
"508","Canis_aureus","Vulpes_vulpes",0.228989313023353,2.6486013985
"509","Canis_lupus","Apodemus_agrarius",0.175738310143978,0
"510","Canis_lupus","Apodemus_alpicola",0.264033650010824,0
"511","Canis_lupus","Apodemus_epimelas",0.17517810192787,0
"512","Canis_lupus","Apodemus_flavicollis",0.377014268922838,0
"513","Canis_lupus","Apodemus_sylvaticus",0.157502834368305,0.05
"514","Canis_lupus","Apodemus_uralensis",0.335880567886166,0
"515","Canis_lupus","Arvicola_amphibius",0.273492907639593,0.178571428571429
"516","Canis_lupus","Arvicola_sapidus",0.405757981702822,0
"517","Canis_lupus","Arvicola_scherman",0.300142099502785,0
"518","Canis_lupus","Barbastella_barbastellus",0.153443365630184,0
"519","Canis_lupus","Canis_lupus",0.488645706287364,0.694
"520","Canis_lupus","Capreolus_capreolus",0.587657199011129,26.2248979591837
"521","Canis_lupus","Crocidura_leucodon",0.20278710832908,0
"522","Canis_lupus","Dryomys_nitedula",0.235068372257476,0
"523","Canis_lupus","Eliomys_quercinus",0.360391860482869,0
"524","Canis_lupus","Eptesicus_nilssonii",0.145629806444049,0
"525","Canis_lupus","Erinaceus_europaeus",0.340224257733637,0.075
"526","Canis_lupus","Erinaceus_roumanicus",0.52724726125598,0
"527","Canis_lupus","Felis_silvestris",0.452932407414275,1.425
"528","Canis_lupus","Galemys_pyrenaicus",0.267271337511598,0
"529","Canis_lupus","Glis_glis",0.269458142610697,49.25
"530","Canis_lupus","Gulo_gulo",0.414368879665499,0
"531","Canis_lupus","Hystrix_cristata",0.460971718484705,0
"532","Canis_lupus","Lepus_corsicanus",0.546170285989329,0
"533","Canis_lupus","Lepus_europaeus",0.313122329589362,2.095
"534","Canis_lupus","Lepus_timidus",0.411357986844248,8.25
"535","Canis_lupus","Lynx_lynx",0.53317301594975,0
"536","Canis_lupus","Martes_foina",0.599231164479993,0
"537","Canis_lupus","Martes_martes",0.471880185360811,7.1
"538","Canis_lupus","Meles_meles",0.435768755591091,1.15125
"539","Canis_lupus","Micromys_minutus",0.178839998678692,0
"540","Canis_lupus","Microtus_agrestis",0.193307850999796,0.05
"541","Canis_lupus","Microtus_arvalis",0.196913552695983,0.6875
"542","Canis_lupus","Microtus_brachycercus",0.196098013864,0
"543","Canis_lupus","Microtus_guentheri",0.210497303440681,0
"544","Canis_lupus","Microtus_levis",0.486549554412724,0
"545","Canis_lupus","Microtus_lusitanicus",0.239279494570789,0
"546","Canis_lupus","Microtus_multiplex",0.22710013807377,0
"547","Canis_lupus","Microtus_oeconomus",0.348110850691339,0
"548","Canis_lupus","Microtus_savii",0.267276095134197,0
"549","Canis_lupus","Microtus_subterraneus",0.296451184328417,0
"550","Canis_lupus","Miniopterus_schreibersii",0.166792235056897,0
"551","Canis_lupus","Muscardinus_avellanarius",0.287739138507727,0
"552","Canis_lupus","Mustela_erminea",0.399268125880112,2.4
"553","Canis_lupus","Mustela_eversmanii",0.303167952946862,0
"554","Canis_lupus","Mustela_putorius",0.32962303412588,0
"555","Canis_lupus","Myodes_glareolus",0.210513311870319,0.422222222222222
"556","Canis_lupus","Myodes_rufocanus",0.267899870760739,0
"557","Canis_lupus","Myodes_rutilus",0.425327422499072,0
"558","Canis_lupus","Myopus_schisticolor",0.316933521224807,0
"559","Canis_lupus","Myotis_alcathoe",0.129400715340282,0
"560","Canis_lupus","Myotis_aurascens",0.141020180186492,0
"561","Canis_lupus","Myotis_bechsteinii",0.158464964792917,0
"562","Canis_lupus","Myotis_blythii",0.144153805745539,0
"563","Canis_lupus","Myotis_brandtii",0.198433799141077,0
"564","Canis_lupus","Myotis_capaccinii",0.137801418731095,0
"565","Canis_lupus","Myotis_dasycneme",0.141852745734569,0
"566","Canis_lupus","Myotis_daubentonii",0.143181345563861,0
"567","Canis_lupus","Myotis_emarginatus",0.136518060024657,0
"568","Canis_lupus","Myotis_escalerai",0.143502592917655,0
"569","Canis_lupus","Myotis_myotis",0.146103685598943,0
"570","Canis_lupus","Myotis_mystacinus",0.145520823260692,0
"571","Canis_lupus","Myotis_nattereri",0.148536127168112,0
"572","Canis_lupus","Neomys_anomalus",0.207262630067249,0
"573","Canis_lupus","Neomys_fodiens",0.183554314244539,0
"574","Canis_lupus","Nyctalus_lasiopterus",0.159865400086175,0
"575","Canis_lupus","Nyctalus_leisleri",0.22435664672118,0
"576","Canis_lupus","Nyctalus_noctula",0.147648727368902,0
"577","Canis_lupus","Pipistrellus_kuhlii",0.138287776052242,0
"578","Canis_lupus","Pipistrellus_nathusii",0.137669341746337,0
"579","Canis_lupus","Pipistrellus_pygmaeus",0.129754816965744,0
"580","Canis_lupus","Plecotus_auritus",0.133059196956104,0
"581","Canis_lupus","Plecotus_macrobullaris",0.174241664515727,0
"582","Canis_lupus","Pteromys_volans",0.360249372238808,0
"583","Canis_lupus","Rhinolophus_ferrumequinum",0.189359138030559,0
"584","Canis_lupus","Rhinolophus_hipposideros",0.215561588492357,0
"585","Canis_lupus","Rupicapra_rupicapra",0.454594002876963,16.837619047619
"586","Canis_lupus","Sciurus_vulgaris",0.294714800063886,0.283333333333333
"587","Canis_lupus","Sicista_betulina",0.259456193530742,0
"588","Canis_lupus","Sorex_alpinus",0.203936768911387,0
"589","Canis_lupus","Sorex_antinorii",0.342700397595763,0
"590","Canis_lupus","Sorex_araneus",0.166515624406291,0.475
"591","Canis_lupus","Sorex_caecutiens",0.163972415735847,0
"592","Canis_lupus","Sorex_coronatus",0.243236424076721,0
"593","Canis_lupus","Sorex_granarius",0.433105657032381,0
"594","Canis_lupus","Sorex_isodon",0.154957690925309,0
"595","Canis_lupus","Sorex_minutissimus",0.209083900241567,0
"596","Canis_lupus","Sorex_minutus",0.176513574777111,0
"597","Canis_lupus","Sorex_samniticus",0.191529083274761,0
"598","Canis_lupus","Spermophilus_citellus",0.404322481744892,0
"599","Canis_lupus","Tadarida_teniotis",0.159853044540641,0
"600","Canis_lupus","Talpa_caeca",0.168930372257751,0
"601","Canis_lupus","Talpa_europaea",0.300741849853112,0.371428571428571
"602","Canis_lupus","Talpa_occidentalis",0.380016567392482,0
"603","Canis_lupus","Talpa_romana",0.213419007265246,0
"604","Canis_lupus","Vespertilio_murinus",0.142789610070727,0
"605","Canis_lupus","Vulpes_vulpes",0.562855758738738,11.8252941176471
"606","Genetta_genetta","Apodemus_flavicollis",0.7402458236073,0
"607","Genetta_genetta","Apodemus_sylvaticus",0.425010667906867,32.7754166666667
"608","Genetta_genetta","Arvicola_sapidus",0.545086985004359,3.4
"609","Genetta_genetta","Barbastella_barbastellus",0.156689023382021,0
"610","Genetta_genetta","Canis_lupus",0.155063768355724,0
"611","Genetta_genetta","Capreolus_capreolus",0.184004922362941,0
"612","Genetta_genetta","Eliomys_quercinus",0.410561642299096,2.826
"613","Genetta_genetta","Eptesicus_isabellinus",0.145511143164415,0
"614","Genetta_genetta","Erinaceus_europaeus",0.521493876256894,0
"615","Genetta_genetta","Felis_silvestris",0.174592382904857,0
"616","Genetta_genetta","Herpestes_ichneumon",0.239749559489163,0
"617","Genetta_genetta","Lepus_europaeus",0.594991909278618,0
"618","Genetta_genetta","Martes_foina",0.157339491180538,0
"619","Genetta_genetta","Martes_martes",0.164034946288154,0
"620","Genetta_genetta","Meles_meles",0.181751342768078,0
"621","Genetta_genetta","Microtus_agrestis",0.630747402662581,25.425
"622","Genetta_genetta","Microtus_duodecimcostatus",0.622341848993569,2.9525
"623","Genetta_genetta","Microtus_lusitanicus",0.659367689384823,20.4875
"624","Genetta_genetta","Miniopterus_schreibersii",0.163124024185656,0
"625","Genetta_genetta","Mus_spretus",0.545816273365206,40
"626","Genetta_genetta","Mustela_erminea",0.181748671922833,0
"627","Genetta_genetta","Mustela_putorius",0.167402435448021,0
"628","Genetta_genetta","Myotis_bechsteinii",0.15349602911918,0
"629","Genetta_genetta","Myotis_blythii",0.150093308032149,0
"630","Genetta_genetta","Myotis_capaccinii",0.136632287178423,0
"631","Genetta_genetta","Myotis_daubentonii",0.136270603400312,0
"632","Genetta_genetta","Myotis_emarginatus",0.145234396536518,0
"633","Genetta_genetta","Myotis_escalerai",0.140759601002084,0
"634","Genetta_genetta","Myotis_myotis",0.151301622221416,0
"635","Genetta_genetta","Myotis_mystacinus",0.155482613288288,0
"636","Genetta_genetta","Neomys_anomalus",0.318416597894751,7.78333333333333
"637","Genetta_genetta","Neomys_fodiens",0.611701117772045,0
"638","Genetta_genetta","Nyctalus_lasiopterus",0.139256156381706,0
"639","Genetta_genetta","Nyctalus_leisleri",0.16955116694992,0
"640","Genetta_genetta","Pipistrellus_kuhlii",0.128752930476418,0
"641","Genetta_genetta","Pipistrellus_pygmaeus",0.137634049218736,0
"642","Genetta_genetta","Rhinolophus_ferrumequinum",0.163328245108094,0
"643","Genetta_genetta","Rhinolophus_hipposideros",0.153619606031672,0
"644","Genetta_genetta","Rhinolophus_mehelyi",0.158658066112548,0
"645","Genetta_genetta","Sciurus_vulgaris",0.411282990589028,0.26
"646","Genetta_genetta","Sorex_granarius",0.388014428440697,18.0883333333333
"647","Genetta_genetta","Sorex_minutus",0.471203205210191,14.3625
"648","Genetta_genetta","Tadarida_teniotis",0.173566773777954,0
"649","Genetta_genetta","Talpa_europaea",0.555716881439799,0
"650","Genetta_genetta","Talpa_occidentalis",0.251706443075995,7.212
"651","Genetta_genetta","Vulpes_vulpes",0.212466752384694,0
"652","Neovison_vison","Apodemus_agrarius",0.525212164763566,0.8
"653","Neovison_vison","Apodemus_flavicollis",0.59999654951072,0
"654","Neovison_vison","Apodemus_sylvaticus",0.28870877489615,8.35789473684211
"655","Neovison_vison","Arvicola_amphibius",0.667803337940803,9.172
"656","Neovison_vison","Arvicola_sapidus",0.582058448804898,1.38333333333333
"657","Neovison_vison","Barbastella_barbastellus",0.167420940855075,0
"658","Neovison_vison","Canis_lupus",0.174305060525759,0
"659","Neovison_vison","Capreolus_capreolus",0.179888141780811,0
"660","Neovison_vison","Eliomys_quercinus",0.290391873422207,0
"661","Neovison_vison","Eptesicus_nilssonii",0.138465351161911,0
"662","Neovison_vison","Erinaceus_europaeus",0.267346486531116,0
"663","Neovison_vison","Erinaceus_roumanicus",0.270744190684387,0
"664","Neovison_vison","Glis_glis",0.470167058975773,0
"665","Neovison_vison","Lepus_capensis",0.449198459072605,0
"666","Neovison_vison","Lepus_europaeus",0.208036774642838,0.4
"667","Neovison_vison","Lepus_timidus",0.318237113467324,0
"668","Neovison_vison","Lynx_lynx",0.173868042549917,0
"669","Neovison_vison","Martes_foina",0.144163681117376,0
"670","Neovison_vison","Martes_martes",0.147878477792934,0
"671","Neovison_vison","Meles_meles",0.157272260541058,0
"672","Neovison_vison","Micromys_minutus",0.531161301726595,0.4
"673","Neovison_vison","Microtus_agrestis",0.364916098341346,5.2
"674","Neovison_vison","Microtus_arvalis",0.24889943937118,2
"675","Neovison_vison","Microtus_duodecimcostatus",0.359355000710046,0
"676","Neovison_vison","Microtus_gerbei",0.376357403546572,0
"677","Neovison_vison","Microtus_levis",0.611685091648439,0
"678","Neovison_vison","Microtus_oeconomus",0.592521736968537,0.1
"679","Neovison_vison","Microtus_subterraneus",0.460317809252362,0
"680","Neovison_vison","Mus_spretus",0.593456710013775,0
"681","Neovison_vison","Muscardinus_avellanarius",0.380566647509113,0
"682","Neovison_vison","Mustela_erminea",0.191745131604235,0
"683","Neovison_vison","Mustela_putorius",0.203148025946999,0
"684","Neovison_vison","Myodes_glareolus",0.464883771923821,1.65
"685","Neovison_vison","Myotis_alcathoe",0.151372963473439,0
"686","Neovison_vison","Myotis_bechsteinii",0.164763035860501,0
"687","Neovison_vison","Myotis_blythii",0.142208217220657,0
"688","Neovison_vison","Myotis_brandtii",0.168318585467038,0
"689","Neovison_vison","Myotis_capaccinii",0.151394245197827,0
"690","Neovison_vison","Myotis_dasycneme",0.135178756182237,0
"691","Neovison_vison","Myotis_daubentonii",0.150732810148283,0
"692","Neovison_vison","Myotis_emarginatus",0.140658099772899,0
"693","Neovison_vison","Myotis_escalerai",0.145385458074849,0
"694","Neovison_vison","Myotis_myotis",0.130659540793735,0
"695","Neovison_vison","Myotis_mystacinus",0.146887105840601,0
"696","Neovison_vison","Myotis_nattereri",0.135641915572896,0
"697","Neovison_vison","Neomys_anomalus",0.499466726135823,0
"698","Neovison_vison","Neomys_fodiens",0.240328298757474,0.6
"699","Neovison_vison","Nyctalus_lasiopterus",0.145621790701435,0
"700","Neovison_vison","Nyctalus_leisleri",0.16584697041461,0
"701","Neovison_vison","Nyctalus_noctula",0.145766228601268,0
"702","Neovison_vison","Pipistrellus_kuhlii",0.132577163829785,0
"703","Neovison_vison","Pipistrellus_nathusii",0.126849166495409,0
"704","Neovison_vison","Pipistrellus_pygmaeus",0.131902073641693,0
"705","Neovison_vison","Plecotus_auritus",0.172120909703877,0
"706","Neovison_vison","Rangifer_tarandus",0.190089639897148,0
"707","Neovison_vison","Rhinolophus_ferrumequinum",0.223784609025137,0
"708","Neovison_vison","Rhinolophus_hipposideros",0.193642010025325,0
"709","Neovison_vison","Sciurus_vulgaris",0.371866659415,0
"710","Neovison_vison","Sicista_betulina",0.341473878554578,0.47
"711","Neovison_vison","Sorex_araneus",0.295456775696948,0.3
"712","Neovison_vison","Sorex_coronatus",0.510325243606151,0
"713","Neovison_vison","Sorex_minutus",0.32264645128174,0.4
"714","Neovison_vison","Tadarida_teniotis",0.205480910647584,0
"715","Neovison_vison","Talpa_europaea",0.218845592653181,2.7
"716","Neovison_vison","Vespertilio_murinus",0.150013278760712,0
"717","Neovison_vison","Vulpes_lagopus",0.191918987131706,0
"718","Neovison_vison","Vulpes_vulpes",0.196045364986392,0
